[
    {
        "id": 1,
        "titulo": "Chocolate - Milk",
        "descripcion": "Aenean auctor gravida sem.",
        "categoria": "medias",
        "imagen": "http://dummyimage.com/200x100.png/cc0000/ffffff",
        "precio": 1500,
        "stock": 10
    },
    {
        "id": 2,
        "titulo": "Muffin - Mix - Strawberry Rhubarb",
        "descripcion": "Nulla ut erat id mauris vulputate elementum.",
        "categoria": "medias",
        "imagen": "http://dummyimage.com/200x100.png/cc0000/ffffff",
        "precio": 1500,
        "stock": 10
    },
    {
        "id": 3,
        "titulo": "Appetizer - Tarragon Chicken",
        "descripcion": "Aenean auctor gravida sem.",
        "categoria": "pantalones",
        "imagen": "http://dummyimage.com/200x100.png/5fa2dd/ffffff",
        "precio": 1500,
        "stock": 10
    },
    {
        "id": 4,
        "titulo": "Jam - Strawberry, 20 Ml Jar",
        "descripcion": "Morbi odio odio, elementum eu, interdum eu, tincidunt in, leo.",
        "categoria": "remeras",
        "imagen": "http://dummyimage.com/200x100.png/dddddd/000000",
        "precio": 1500,
        "stock": 10
    },
    {
        "id": 5,
        "titulo": "Glass - Juice Clear 5oz 55005",
        "descripcion": "Sed accumsan felis.",
        "categoria": "buzos",
        "imagen": "http://dummyimage.com/200x100.png/5fa2dd/ffffff",
        "precio": 1500,
        "stock": 10
    },
    {
        "id": 6,
        "titulo": "Cheese - Brie, Cups 125g",
        "descripcion": "In hac habitasse platea dictumst.",
        "categoria": "remeras",
        "imagen": "http://dummyimage.com/200x100.png/5fa2dd/ffffff",
        "precio": 1500,
        "stock": 10
    },
    {
        "id": 7,
        "titulo": "Oneshot Automatic Soap System",
        "descripcion": "Morbi vel lectus in quam fringilla rhoncus.",
        "categoria": "buzos",
        "imagen": "http://dummyimage.com/200x100.png/5fa2dd/ffffff",
        "precio": 1500,
        "stock": 10
    },
    {
        "id": 8,
        "titulo": "Myers Planters Punch",
        "descripcion": "Vestibulum ante ipsum primis in faucibus orci luctus et ultrices posuere cubilia Curae; Duis faucibus accumsan odio.",
        "categoria": "pantalones",
        "imagen": "http://dummyimage.com/200x100.png/dddddd/000000",
        "precio": 1500,
        "stock": 10
    },
    {
        "id": 9,
        "titulo": "Nut - Almond, Blanched, Ground",
        "descripcion": "Morbi vestibulum, velit id pretium iaculis, diam erat fermentum justo, nec condimentum neque sapien placerat ante.",
        "categoria": "pantalones",
        "imagen": "http://dummyimage.com/200x100.png/ff4444/ffffff",
        "precio": 1500,
        "stock": 10
    },
    {
        "id": 10,
        "titulo": "Pasta - Fett Alfredo, Single Serve",
        "descripcion": "Quisque arcu libero, rutrum ac, lobortis vel, dapibus at, diam.",
        "categoria": "remeras",
        "imagen": "http://dummyimage.com/200x100.png/dddddd/000000",
        "precio": 1500,
        "stock": 10
    },
    {
        "id": 11,
        "titulo": "Bread - Assorted Rolls",
        "descripcion": "Mauris sit amet eros.",
        "categoria": "remeras",
        "imagen": "http://dummyimage.com/200x100.png/ff4444/ffffff",
        "precio": 1500,
        "stock": 10
    },
    {
        "id": 12,
        "titulo": "Table Cloth 62x120 White",
        "descripcion": "Morbi sem mauris, laoreet ut, rhoncus aliquet, pulvinar sed, nisl.",
        "categoria": "medias",
        "imagen": "http://dummyimage.com/200x100.png/dddddd/000000",
        "precio": 1500,
        "stock": 10
    },
    {
        "id": 13,
        "titulo": "Tuna - Sushi Grade",
        "descripcion": "Aenean sit amet justo.",
        "categoria": "medias",
        "imagen": "http://dummyimage.com/200x100.png/cc0000/ffffff",
        "precio": 1500,
        "stock": 10
    },
    {
        "id": 14,
        "titulo": "Wine - Barbera Alba Doc 2001",
        "descripcion": "In blandit ultrices enim.",
        "categoria": "buzos",
        "imagen": "http://dummyimage.com/200x100.png/5fa2dd/ffffff",
        "precio": 1500,
        "stock": 10
    },
    {
        "id": 15,
        "titulo": "Artichoke - Hearts, Canned",
        "descripcion": "Nullam varius.",
        "categoria": "remeras",
        "imagen": "http://dummyimage.com/200x100.png/ff4444/ffffff",
        "precio": 1500,
        "stock": 10
    },
    {
        "id": 16,
        "titulo": "Ham - Smoked, Bone - In",
        "descripcion": "Cras non velit nec nisi vulputate nonummy.",
        "categoria": "medias",
        "imagen": "http://dummyimage.com/200x100.png/5fa2dd/ffffff",
        "precio": 1500,
        "stock": 10
    },
    {
        "id": 17,
        "titulo": "Truffle Cups - Red",
        "descripcion": "Nulla tempus.",
        "categoria": "remeras",
        "imagen": "http://dummyimage.com/200x100.png/5fa2dd/ffffff",
        "precio": 1500,
        "stock": 10
    },
    {
        "id": 18,
        "titulo": "Ham - Smoked, Bone - In",
        "descripcion": "Etiam justo.",
        "categoria": "pantalones",
        "imagen": "http://dummyimage.com/200x100.png/dddddd/000000",
        "precio": 1500,
        "stock": 10
    },
    {
        "id": 19,
        "titulo": "Sugar - Brown",
        "descripcion": "Morbi non lectus.",
        "categoria": "buzos",
        "imagen": "http://dummyimage.com/200x100.png/cc0000/ffffff",
        "precio": 1500,
        "stock": 10
    },
    {
        "id": 20,
        "titulo": "Bread - Hot Dog Buns",
        "descripcion": "Maecenas tristique, est et tempus semper, est quam pharetra magna, ac consequat metus sapien ut nunc.",
        "categoria": "buzos",
        "imagen": "http://dummyimage.com/200x100.png/dddddd/000000",
        "precio": 1500,
        "stock": 10
    }
]